id,name,rank,type,cost,art,previewPng,generated
"K01","청운일검","1","공격","1","art/K01.png","previews/K01.png","true"
"K02","운무보","1","방어","1","art/K02.png","previews/K02.png","true"
"K03","쌍연검","1","공격","1","art/K03.png","previews/K03.png","true"
"K04","파산검","1","공격","2","art/K04.png","previews/K04.png","true"
"K05","유성검","1","공격","1","art/K05.png","previews/K05.png","true"
"K06","진기 집중","1","보조","0","art/K06.png","previews/K06.png","true"
"K07","선풍검","1","공격","1","art/K07.png","previews/K07.png","true"
"K08","반탄검","1","방어","1","art/K08.png","previews/K08.png","true"
"K09","일필낙관","1","공격","1","art/K09.png","previews/K09.png","true"
"K10","삼재검","2","공격","2","art/K10.png","previews/K10.png","true"
"K11","파갑검","2","공격","1","art/K11.png","previews/K11.png","true"
"K12","정심결","2","보조","1","art/K12.png","previews/K12.png","true"
"K13","추풍검","2","공격","1","art/K13.png","previews/K13.png","true"
"K14","반본귀원검","2","공격","1","art/K14.png","previews/K14.png","true"
"K15","심법 수련","2","지속","1","art/K15.png","previews/K15.png","true"
"K16","금강호체","2","방어","1","art/K16.png","previews/K16.png","true"
"K17","단혼낙관","3","공격","2","art/K17.png","previews/K17.png","true"
"K18","천외검우","3","공격","2","art/K18.png","previews/K18.png","true"
"K19","광검결","3","지속","1","art/K19.png","previews/K19.png","true"
"K20","무영연검","3","공격","1","art/K20.png","previews/K20.png","true"
"K21","허점 간파","3","보조","0","art/K21.png","previews/K21.png","true"
"K22","천외일섬","4","공격","3","art/K22.png","previews/K22.png","true"
"K23","검무","4","지속","2","art/K23.png","previews/K23.png","true"
"K24","천검난무","4","공격","X","art/K24.png","previews/K24.png","true"
"K25","천외참룡검","5","공격","3","art/K25.png","previews/K25.png","true"
"K26","일격필살","4","공격","2","art/K26.png","previews/K26.png","true"
"K27","연환검","4","공격","1","art/K27.png","previews/K27.png","true"
"K28","마나검강","4","지속","2","art/K28.png","previews/K28.png","true"
"K29","천외난무","5","공격","3","art/K29.png","previews/K29.png","true"
"K30","난필","1","공격","1","art/K30.png","previews/K30.png","true"
"K31","광풍난검","2","공격","1","art/K31.png","previews/K31.png","true"
"K32","묵운낙관","3","공격","2","art/K32.png","previews/K32.png","true"
"K33","염화검","2","공격","1","art/K33.png","previews/K33.png","true"
"K34","양의검결","4","공격","2","art/K34.png","previews/K34.png","true"
"B01","방패 치기","1","공격","1","art/B01.png","previews/B01.png","true"
"B02","굳건한 방패","1","방어","1","art/B02.png","previews/B02.png","true"
"B03","도발","1","보조","1","art/B03.png","previews/B03.png","true"
"B04","엄호","1","방어","1","art/B04.png","previews/B04.png","true"
"B05","묵직한 일격","1","공격","2","art/B05.png","previews/B05.png","true"
"B06","방패 올리기","1","방어","0","art/B06.png","previews/B06.png","true"
"B07","진형 유지","1","방어","2","art/B07.png","previews/B07.png","true"
"B08","몸통 박치기","1","공격","1","art/B08.png","previews/B08.png","true"
"B09","가시 갑옷","1","방어","1","art/B09.png","previews/B09.png","true"
"B10","철벽","2","방어","2","art/B10.png","previews/B10.png","true"
"B11","방패 돌진","2","공격","2","art/B11.png","previews/B11.png","true"
"B12","수호 서약","2","방어","1","art/B12.png","previews/B12.png","true"
"B13","위압","2","보조","1","art/B13.png","previews/B13.png","true"
"B14","버티기","2","방어","1","art/B14.png","previews/B14.png","true"
"B15","대지 강타","2","공격","2","art/B15.png","previews/B15.png","true"
"B16","재정비","2","보조","0","art/B16.png","previews/B16.png","true"
"B17","불굴","3","지속","1","art/B17.png","previews/B17.png","true"
"B18","강철 가시","3","지속","1","art/B18.png","previews/B18.png","true"
"B19","파성추","3","공격","2","art/B19.png","previews/B19.png","true"
"B20","성벽","3","방어","3","art/B20.png","previews/B20.png","true"
"B21","최후의 보루","3","방어","1","art/B21.png","previews/B21.png","true"
"B22","난공불락","4","지속","2","art/B22.png","previews/B22.png","true"
"B23","수호자의 맹세","4","지속","1","art/B23.png","previews/B23.png","true"
"B24","대지의 분노","4","공격","3","art/B24.png","previews/B24.png","true"
"B25","불멸의 수호자","5","지속","3","art/B25.png","previews/B25.png","true"
"B26","철옹성","4","방어","2","art/B26.png","previews/B26.png","true"
"B27","복수의 일격","4","공격","2","art/B27.png","previews/B27.png","true"
"B28","결의","4","지속","1","art/B28.png","previews/B28.png","true"
"B29","천년 방벽","5","방어","3","art/B29.png","previews/B29.png","true"
"B30","방패 나누기","1","방어","1","art/B30.png","previews/B30.png","true"
"B31","방패 던지기","2","공격","1","art/B31.png","previews/B31.png","true"
"B32","반격의 맹세","3","보조","1","art/B32.png","previews/B32.png","true"
"B33","금강호신벽","3","방어","1","art/B33.png","previews/B33.png","true"
"L01","화염구","1","공격","1","art/L01.png","previews/L01.png","true"
"L02","얼음 화살","1","공격","1","art/L02.png","previews/L02.png","true"
"L03","마력 방벽","1","방어","1","art/L03.png","previews/L03.png","true"
"L04","불꽃 파동","1","공격","2","art/L04.png","previews/L04.png","true"
"L05","마력 화살","1","공격","0","art/L05.png","previews/L05.png","true"
"L06","서리 고리","1","공격","1","art/L06.png","previews/L06.png","true"
"L07","명상","1","보조","1","art/L07.png","previews/L07.png","true"
"L08","전격","1","공격","1","art/L08.png","previews/L08.png","true"
"L09","점화","1","보조","1","art/L09.png","previews/L09.png","true"
"L10","연쇄 번개","2","공격","2","art/L10.png","previews/L10.png","true"
"L11","빙결 창","2","공격","2","art/L11.png","previews/L11.png","true"
"L12","마력 충전","2","보조","0","art/L12.png","previews/L12.png","true"
"L13","화염 기둥","2","공격","2","art/L13.png","previews/L13.png","true"
"L14","얼음 갑옷","2","방어","1","art/L14.png","previews/L14.png","true"
"L15","불씨 확산","2","보조","1","art/L15.png","previews/L15.png","true"
"L16","비전 통찰","2","보조","1","art/L16.png","previews/L16.png","true"
"L17","눈보라","3","공격","2","art/L17.png","previews/L17.png","true"
"L18","폭발","3","공격","2","art/L18.png","previews/L18.png","true"
"L19","원소 친화","3","지속","1","art/L19.png","previews/L19.png","true"
"L20","절대 영도","3","보조","2","art/L20.png","previews/L20.png","true"
"L21","마력 폭주","3","지속","1","art/L21.png","previews/L21.png","true"
"L22","유성우","4","공격","3","art/L22.png","previews/L22.png","true"
"L23","빙하기","4","공격","3","art/L23.png","previews/L23.png","true"
"L24","마나의 샘","4","지속","2","art/L24.png","previews/L24.png","true"
"L25","원소 대폭발","5","공격","X","art/L25.png","previews/L25.png","true"
"L26","원소 공명","4","공격","2","art/L26.png","previews/L26.png","true"
"L27","마력 과부하","4","보조","1","art/L27.png","previews/L27.png","true"
"L28","증기 순환","4","지속","1","art/L28.png","previews/L28.png","true"
"L29","대마법: 혼돈","5","공격","3","art/L29.png","previews/L29.png","true"
"L30","열 교환","1","공격","1","art/L30.png","previews/L30.png","true"
"L31","원소 순환","2","공격","1","art/L31.png","previews/L31.png","true"
"L32","마법 서적","3","보조","1","art/L32.png","previews/L32.png","true"
"L33","풍마보","2","방어","1","art/L33.png","previews/L33.png","true"
"S01","치유의 빛","1","회복","1","art/S01.png","previews/S01.png","true"
"S02","신성한 일격","1","공격","1","art/S02.png","previews/S02.png","true"
"S03","축복의 방패","1","방어","1","art/S03.png","previews/S03.png","true"
"S04","정화","1","보조","0","art/S04.png","previews/S04.png","true"
"S05","기도","1","회복","1","art/S05.png","previews/S05.png","true"
"S06","빛의 화살","1","공격","1","art/S06.png","previews/S06.png","true"
"S07","재생의 손길","1","회복","1","art/S07.png","previews/S07.png","true"
"S08","성역","1","방어","2","art/S08.png","previews/S08.png","true"
"S09","응급 처치","1","회복","0","art/S09.png","previews/S09.png","true"
"S10","큰 치유","2","회복","2","art/S10.png","previews/S10.png","true"
"S11","심판","2","공격","2","art/S11.png","previews/S11.png","true"
"S12","생명의 샘","2","회복","1","art/S12.png","previews/S12.png","true"
"S13","대정화","2","보조","1","art/S13.png","previews/S13.png","true"
"S14","신의 가호","2","방어","1","art/S14.png","previews/S14.png","true"
"S15","빛의 폭발","2","공격","2","art/S15.png","previews/S15.png","true"
"S16","헌신","2","보조","0","art/S16.png","previews/S16.png","true"
"S17","부활","3","회복","2","art/S17.png","previews/S17.png","true"
"S18","신성한 불꽃","3","공격","1","art/S18.png","previews/S18.png","true"
"S19","치유의 오라","3","지속","1","art/S19.png","previews/S19.png","true"
"S20","천상의 방벽","3","방어","2","art/S20.png","previews/S20.png","true"
"S21","생명 전이","3","회복","1","art/S21.png","previews/S21.png","true"
"S22","대치유","4","회복","3","art/S22.png","previews/S22.png","true"
"S23","천벌","4","공격","3","art/S23.png","previews/S23.png","true"
"S24","수호천사","4","지속","2","art/S24.png","previews/S24.png","true"
"S25","기적","5","회복","3","art/S25.png","previews/S25.png","true"
"S26","구원","4","회복","2","art/S26.png","previews/S26.png","true"
"S27","신성 폭발","4","공격","2","art/S27.png","previews/S27.png","true"
"S28","축복의 일격","4","지속","1","art/S28.png","previews/S28.png","true"
"S29","여신의 강림","5","지속","3","art/S29.png","previews/S29.png","true"
"S30","축성","1","회복","1","art/S30.png","previews/S30.png","true"
"S31","축복의 손길","2","보조","1","art/S31.png","previews/S31.png","true"
"S32","기적의 주사위","3","보조","1","art/S32.png","previews/S32.png","true"
"S33","운기요상","3","회복","1","art/S33.png","previews/S33.png","true"
"N01","독비도","1","공격","1","art/N01.png","previews/N01.png","true"
"N02","암영보","1","방어","1","art/N02.png","previews/N02.png","true"
"N03","약점 지목","1","보조","1","art/N03.png","previews/N03.png","true"
"N04","쾌수","1","보조","0","art/N04.png","previews/N04.png","true"
"N05","쌍비도","1","공격","1","art/N05.png","previews/N05.png","true"
"N06","미혼분","1","보조","1","art/N06.png","previews/N06.png","true"
"N07","만독무","1","보조","2","art/N07.png","previews/N07.png","true"
"N08","암기 장전","1","보조","1","art/N08.png","previews/N08.png","true"
"N09","음영비수","1","공격","1","art/N09.png","previews/N09.png","true"
"N10","칠보단혼산","2","보조","1","art/N10.png","previews/N10.png","true"
"N11","미혼진","2","보조","1","art/N11.png","previews/N11.png","true"
"N12","기문둔갑","2","보조","1","art/N12.png","previews/N12.png","true"
"N13","암습","2","공격","0","art/N13.png","previews/N13.png","true"
"N14","격장술","2","보조","1","art/N14.png","previews/N14.png","true"
"N15","부골산","2","공격","1","art/N15.png","previews/N15.png","true"
"N16","연막진","2","방어","1","art/N16.png","previews/N16.png","true"
"N17","촉독술","3","보조","1","art/N17.png","previews/N17.png","true"
"N18","독경 심법","3","지속","1","art/N18.png","previews/N18.png","true"
"N19","독살","3","공격","2","art/N19.png","previews/N19.png","true"
"N20","대환단","3","보조","1","art/N20.png","previews/N20.png","true"
"N21","산공독","3","보조","2","art/N21.png","previews/N21.png","true"
"N22","만독진","4","지속","2","art/N22.png","previews/N22.png","true"
"N23","총공세","4","보조","2","art/N23.png","previews/N23.png","true"
"N24","분영술","4","보조","2","art/N24.png","previews/N24.png","true"
"N25","천기누설","5","지속","2","art/N25.png","previews/N25.png","true"
"N26","혈도 난자","4","공격","1","art/N26.png","previews/N26.png","true"
"N27","절명독수","4","공격","2","art/N27.png","previews/N27.png","true"
"N28","천리안법","4","지속","1","art/N28.png","previews/N28.png","true"
"N29","비장의 암기","5","보조","1","art/N29.png","previews/N29.png","true"
"N30","기폭","1","보조","0","art/N30.png","previews/N30.png","true"
"N31","독단지","2","보조","1","art/N31.png","previews/N31.png","true"
"N32","모방술","3","보조","1","art/N32.png","previews/N32.png","true"
"N33","독염침","2","공격","1","art/N33.png","previews/N33.png","true"
"N34","만독마진","3","보조","2","art/N34.png","previews/N34.png","true"
"C01","권각","1","공격","1","art/C01.png","previews/C01.png","true"
"C02","호위","1","방어","1","art/C02.png","previews/C02.png","true"
"C03","지혈","1","회복","1","art/C03.png","previews/C03.png","true"
"C04","탄지공","1","공격","0","art/C04.png","previews/C04.png","true"
"C05","전열 정비","1","보조","1","art/C05.png","previews/C05.png","true"
"C06","휩쓸기","1","공격","1","art/C06.png","previews/C06.png","true"
"C07","마나 방벽","1","방어","0","art/C07.png","previews/C07.png","true"
"C08","화염 부적","1","공격","1","art/C08.png","previews/C08.png","true"
"C09","독침","1","공격","1","art/C09.png","previews/C09.png","true"
"C10","사자후","1","보조","1","art/C10.png","previews/C10.png","true"
"C11","수호 마법진","1","방어","2","art/C11.png","previews/C11.png","true"
"C12","그물 던지기","1","공격","1","art/C12.png","previews/C12.png","true"
"C13","급습","1","공격","2","art/C13.png","previews/C13.png","false"
"C14","운기조식","1","보조","1","art/C14.png","previews/C14.png","false"
"C15","해독초","1","회복","1","art/C15.png","previews/C15.png","true"
"C16","벽력탄","2","공격","2","art/C16.png","previews/C16.png","true"
"C17","회복 물약","2","회복","1","art/C17.png","previews/C17.png","true"
"C18","마나 물약","2","보조","0","art/C18.png","previews/C18.png","true"
"C19","연막탄","2","보조","1","art/C19.png","previews/C19.png","true"
"C20","합격진","2","공격","1","art/C20.png","previews/C20.png","true"
"C21","전리품 사냥","3","공격","1","art/C21.png","previews/C21.png","false"
"C22","결의","3","지속","1","art/C22.png","previews/C22.png","true"
"C23","전술 재편","3","보조","0","art/C23.png","previews/C23.png","false"
"C24","영웅의 깃발","5","지속","2","art/C24.png","previews/C24.png","false"
"C25","시간의 모래시계","5","보조","3","art/C25.png","previews/C25.png","false"
"C26","판도라의 상자","5","보조","2","art/C26.png","previews/C26.png","false"
"C27","신병이기","5","보조","2","art/C27.png","previews/C27.png","false"
"C28","주사위 굴리기","1","공격","1","art/C28.png","previews/C28.png","false"
"C29","동전 던지기","1","보조","0","art/C29.png","previews/C29.png","true"
"C30","활력 물약","2","보조","1","art/C30.png","previews/C30.png","false"
"C31","보물 상자","2","보조","1","art/C31.png","previews/C31.png","false"
"C32","혼돈의 소용돌이","3","보조","1","art/C32.png","previews/C32.png","false"
"C33","세계의 틈","4","보조","1","art/C33.png","previews/C33.png","false"
"K35","발도술","2","공격","1","art/K35.png","previews/K35.png","false"
"K36","난영검무","3","지속","1","art/K36.png","previews/K36.png","false"
"K37","검기 해방","4","공격","2","art/K37.png","previews/K37.png","false"
"B34","굳은 맹세","1","방어","1","art/B34.png","previews/B34.png","false"
"B35","불굴의 진형","3","지속","2","art/B35.png","previews/B35.png","false"
"B36","방패 투척","4","공격","1","art/B36.png","previews/B36.png","false"
"L34","원소 폭주","3","공격","2","art/L34.png","previews/L34.png","false"
"L35","마력 순환","2","보조","0","art/L35.png","previews/L35.png","false"
"L36","빙결 파쇄","4","공격","2","art/L36.png","previews/L36.png","false"
"S34","은총의 순환","3","지속","1","art/S34.png","previews/S34.png","false"
"S35","성스러운 인내","2","방어","1","art/S35.png","previews/S35.png","false"
"S36","천벌","4","공격","2","art/S36.png","previews/S36.png","false"
"N35","그림자 비수","1","공격","1","art/N35.png","previews/N35.png","false"
"N36","암기 비장","2","보조","0","art/N36.png","previews/N36.png","false"
"N37","독기 폭발","3","공격","1","art/N37.png","previews/N37.png","false"
"C34","숨 고르기","1","보조","1","art/C34.png","previews/C34.png","false"
"C35","결단","2","보조","0","art/C35.png","previews/C35.png","false"
"C36","분노의 칼날","3","지속","1","art/C36.png","previews/C36.png","false"
"K38","검세 해방","3","공격","1","art/K38.png","previews/K38.png","false"
"B37","반격 준비","2","방어","1","art/B37.png","previews/B37.png","false"
"L37","공명 증폭","2","보조","0","art/L37.png","previews/L37.png","false"
"S37","신앙 고백","3","회복","1","art/S37.png","previews/S37.png","false"
"N38","표식 폭발","3","공격","1","art/N38.png","previews/N38.png","false"
"K39","유수검","1","공격","1","art/K39.png","previews/K39.png","false"
"K40","검세 응축","2","보조","1","art/K40.png","previews/K40.png","false"
"K41","일섬 연파","3","공격","2","art/K41.png","previews/K41.png","false"
"K42","파천일격","4","공격","3","art/K42.png","previews/K42.png","false"
"B38","방패 정렬","1","방어","1","art/B38.png","previews/B38.png","false"
"B39","역습","2","공격","1","art/B39.png","previews/B39.png","false"
"B40","수호 결계","3","방어","2","art/B40.png","previews/B40.png","false"
"B41","불멸의 맹세","4","지속","2","art/B41.png","previews/B41.png","false"
"L38","불씨","1","공격","0","art/L38.png","previews/L38.png","false"
"L39","얼음 파편","2","공격","1","art/L39.png","previews/L39.png","false"
"L40","마나 폭주","3","보조","1","art/L40.png","previews/L40.png","false"
"L41","삼원소 붕괴","4","공격","3","art/L41.png","previews/L41.png","false"
"S38","작은 축복","1","회복","1","art/S38.png","previews/S38.png","false"
"S39","정화의 빛","2","회복","1","art/S39.png","previews/S39.png","false"
"S40","심판의 빛","3","공격","2","art/S40.png","previews/S40.png","false"
"S41","천사의 날개","4","지속","2","art/S41.png","previews/S41.png","false"
"N39","독침 투척","1","공격","1","art/N39.png","previews/N39.png","false"
"N40","연막","2","방어","1","art/N40.png","previews/N40.png","false"
"N41","독무","3","보조","2","art/N41.png","previews/N41.png","false"
"N42","천독만화","4","공격","2","art/N42.png","previews/N42.png","false"
"C37","정비","1","방어","1","art/C37.png","previews/C37.png","false"
"C38","기습","2","공격","0","art/C38.png","previews/C38.png","false"
"C39","전열 재정비","3","보조","1","art/C39.png","previews/C39.png","false"
"C40","합공","4","공격","2","art/C40.png","previews/C40.png","false"
"A01","정령 화살","1","공격","1","art/A01.png","previews/A01.png","false"
"A02","바람 장막","1","보조","1","art/A02.png","previews/A02.png","false"
"A03","겨누기","1","보조","1","art/A03.png","previews/A03.png","false"
"A04","연사","1","공격","1","art/A04.png","previews/A04.png","false"
"A05","숲의 숨결","1","보조","0","art/A05.png","previews/A05.png","false"
"A06","꿰뚫는 화살","1","공격","2","art/A06.png","previews/A06.png","false"
"A07","견제 사격","1","공격","1","art/A07.png","previews/A07.png","false"
"A08","사냥꾼의 발걸음","1","방어","1","art/A08.png","previews/A08.png","false"
"A09","서리 화살","1","공격","1","art/A09.png","previews/A09.png","false"
"A10","정령 부르기","2","보조","1","art/A10.png","previews/A10.png","false"
"A11","화살비","2","공격","2","art/A11.png","previews/A11.png","false"
"A12","숨죽이기","2","보조","1","art/A12.png","previews/A12.png","false"
"A13","약점 간파","2","보조","0","art/A13.png","previews/A13.png","false"
"A14","바람 화살","2","공격","1","art/A14.png","previews/A14.png","false"
"A15","나무 위 은신처","2","방어","1","art/A15.png","previews/A15.png","false"
"A16","삼연시","2","공격","1","art/A16.png","previews/A16.png","false"
"A17","순풍","2","보조","1","art/A17.png","previews/A17.png","false"
"A18","정조준","3","공격","2","art/A18.png","previews/A18.png","false"
"A19","바람 읽기","3","지속","1","art/A19.png","previews/A19.png","false"
"A20","사냥꾼의 일격","3","공격","1","art/A20.png","previews/A20.png","false"
"A21","서리 화살비","3","공격","2","art/A21.png","previews/A21.png","false"
"A22","바람 걸음","3","보조","1","art/A22.png","previews/A22.png","false"
"A23","표적 지정","3","보조","1","art/A23.png","previews/A23.png","false"
"A24","천공의 화살","4","공격","3","art/A24.png","previews/A24.png","false"
"A25","정령 폭풍","4","공격","2","art/A25.png","previews/A25.png","false"
"A26","바람의 궁술","4","지속","1","art/A26.png","previews/A26.png","false"
"A27","화살 폭풍","4","공격","2","art/A27.png","previews/A27.png","false"
"A28","바람의 장벽","4","방어","2","art/A28.png","previews/A28.png","false"
"A29","정령왕의 화살","5","공격","3","art/A29.png","previews/A29.png","false"
"A30","정령왕의 계약","5","지속","2","art/A30.png","previews/A30.png","false"
"SAND","모래","1","방해","","art/SAND.png","previews/SAND.png","false"
"CUR_POISON","독기","1","방해","","art/CUR_POISON.png","previews/CUR_POISON.png","false"
"CUR_BLOOD","혈흔","1","방해","","art/CUR_BLOOD.png","previews/CUR_BLOOD.png","false"
"CUR_BIND","속박","1","방해","1","art/CUR_BIND.png","previews/CUR_BIND.png","false"
"D01","철벽 돌격","4","공격","2","art/D01.png","previews/D01.png","false"
"D02","화염검기","4","공격","2","art/D02.png","previews/D02.png","false"
"D03","성광검기","4","공격","2","art/D03.png","previews/D03.png","false"
"D04","만천화우","4","공격","2","art/D04.png","previews/D04.png","false"
"D05","얼음 성벽","4","방어","2","art/D05.png","previews/D05.png","false"
"D06","성역의 맹세","4","방어","2","art/D06.png","previews/D06.png","false"
"D07","철벽 암기진","4","보조","1","art/D07.png","previews/D07.png","false"
"D08","정화의 불꽃","4","공격","2","art/D08.png","previews/D08.png","false"
"D09","맹독 폭발","4","보조","2","art/D09.png","previews/D09.png","false"
"D10","해독의 기도","4","보조","1","art/D10.png","previews/D10.png","false"
"D11","풍검일섬","4","공격","2","art/D11.png","previews/D11.png","false"
"D12","방패 위의 화살비","4","공격","2","art/D12.png","previews/D12.png","false"
"D13","정령 원소탄","4","공격","2","art/D13.png","previews/D13.png","false"
"D14","빛깃 화살","4","보조","1","art/D14.png","previews/D14.png","false"
"D15","독우","4","공격","2","art/D15.png","previews/D15.png","false"