id,name,rarity,rank,cost,type,art,effect,frame,rarityStrip,artReady,effectReady
"K01","청운일검","common","1","1","attack","art/K01.png","effects/K01.png","frames/ink_base.png","rarity/common.png","true","true"
"K02","운무보","common","1","1","block","art/K02.png","effects/K02.png","frames/ink_base.png","rarity/common.png","true","true"
"K03","쌍연검","common","1","1","attack","art/K03.png","effects/K03.png","frames/ink_base.png","rarity/common.png","true","true"
"K04","파산검","common","1","2","attack","art/K04.png","effects/K04.png","frames/ink_base.png","rarity/common.png","true","true"
"K05","유성검","common","1","1","attack","art/K05.png","effects/K05.png","frames/ink_base.png","rarity/common.png","true","true"
"K06","진기 집중","common","1","0","skill","art/K06.png","effects/K06.png","frames/ink_base.png","rarity/common.png","true","true"
"K07","선풍검","common","1","1","attack","art/K07.png","effects/K07.png","frames/ink_base.png","rarity/common.png","true","true"
"K08","반탄검","common","1","1","block","art/K08.png","effects/K08.png","frames/ink_base.png","rarity/common.png","true","true"
"K09","일필낙관","common","1","1","attack","art/K09.png","effects/K09.png","frames/ink_base.png","rarity/common.png","true","true"
"K10","삼재검","uncommon","2","2","attack","art/K10.png","effects/K10.png","frames/ink_base.png","rarity/uncommon.png","true","true"
"K11","파갑검","uncommon","2","1","attack","art/K11.png","effects/K11.png","frames/ink_base.png","rarity/uncommon.png","true","true"
"K12","정심결","uncommon","2","1","skill","art/K12.png","effects/K12.png","frames/ink_base.png","rarity/uncommon.png","true","true"
"K13","추풍검","uncommon","2","1","attack","art/K13.png","effects/K13.png","frames/ink_base.png","rarity/uncommon.png","true","true"
"K14","반본귀원검","uncommon","2","1","attack","art/K14.png","effects/K14.png","frames/ink_base.png","rarity/uncommon.png","true","true"
"K15","심법 수련","uncommon","2","1","power","art/K15.png","effects/K15.png","frames/ink_base.png","rarity/uncommon.png","true","true"
"K16","금강호체","uncommon","2","1","block","art/K16.png","effects/K16.png","frames/ink_base.png","rarity/uncommon.png","true","true"
"K17","단혼낙관","rare","3","2","attack","art/K17.png","effects/K17.png","frames/ink_base.png","rarity/rare.png","true","true"
"K18","천외검우","rare","3","2","attack","art/K18.png","effects/K18.png","frames/ink_base.png","rarity/rare.png","true","true"
"K19","광검결","rare","3","1","power","art/K19.png","effects/K19.png","frames/ink_base.png","rarity/rare.png","true","true"
"K20","무영연검","rare","3","1","attack","art/K20.png","effects/K20.png","frames/ink_base.png","rarity/rare.png","true","true"
"K21","허점 간파","rare","3","0","skill","art/K21.png","effects/K21.png","frames/ink_base.png","rarity/rare.png","true","true"
"K22","천외일섬","epic","4","3","attack","art/K22.png","effects/K22.png","frames/ink_base.png","rarity/epic.png","true","true"
"K23","검무","epic","4","2","power","art/K23.png","effects/K23.png","frames/ink_base.png","rarity/epic.png","true","true"
"K24","천검난무","epic","4","X","attack","art/K24.png","effects/K24.png","frames/ink_base.png","rarity/epic.png","true","true"
"K25","천외참룡검","legendary","5","3","attack","art/K25.png","effects/K25.png","frames/ink_base.png","rarity/legendary.png","true","true"
"K26","일격필살","epic","4","2","attack","art/K26.png","effects/K26.png","frames/ink_base.png","rarity/epic.png","true","true"
"K27","연환검","epic","4","1","attack","art/K27.png","effects/K27.png","frames/ink_base.png","rarity/epic.png","true","true"
"K28","마나검강","epic","4","2","power","art/K28.png","effects/K28.png","frames/ink_base.png","rarity/epic.png","true","true"
"K29","천외난무","legendary","5","3","attack","art/K29.png","effects/K29.png","frames/ink_base.png","rarity/legendary.png","true","true"
"K30","난필","common","1","1","attack","art/K30.png","effects/K30.png","frames/ink_base.png","rarity/common.png","true","true"
"K31","광풍난검","uncommon","2","1","attack","art/K31.png","effects/K31.png","frames/ink_base.png","rarity/uncommon.png","true","true"
"K32","묵운낙관","rare","3","2","attack","art/K32.png","effects/K32.png","frames/ink_base.png","rarity/rare.png","true","true"
"K33","염화검","uncommon","2","1","attack","art/K33.png","effects/K33.png","frames/ink_base.png","rarity/uncommon.png","true","true"
"K34","양의검결","epic","4","2","attack","art/K34.png","effects/K34.png","frames/ink_base.png","rarity/epic.png","true","true"
"B01","방패 치기","common","1","1","attack","art/B01.png","effects/B01.png","frames/ink_base.png","rarity/common.png","true","true"
"B02","굳건한 방패","common","1","1","block","art/B02.png","effects/B02.png","frames/ink_base.png","rarity/common.png","true","true"
"B03","도발","common","1","1","skill","art/B03.png","effects/B03.png","frames/ink_base.png","rarity/common.png","true","true"
"B04","엄호","common","1","1","block","art/B04.png","effects/B04.png","frames/ink_base.png","rarity/common.png","true","true"
"B05","묵직한 일격","common","1","2","attack","art/B05.png","effects/B05.png","frames/ink_base.png","rarity/common.png","true","true"
"B06","방패 올리기","common","1","0","block","art/B06.png","effects/B06.png","frames/ink_base.png","rarity/common.png","true","true"
"B07","진형 유지","common","1","2","block","art/B07.png","effects/B07.png","frames/ink_base.png","rarity/common.png","true","true"
"B08","몸통 박치기","common","1","1","attack","art/B08.png","effects/B08.png","frames/ink_base.png","rarity/common.png","true","true"
"B09","가시 갑옷","common","1","1","block","art/B09.png","effects/B09.png","frames/ink_base.png","rarity/common.png","true","true"
"B10","철벽","uncommon","2","2","block","art/B10.png","effects/B10.png","frames/ink_base.png","rarity/uncommon.png","true","true"
"B11","방패 돌진","uncommon","2","2","attack","art/B11.png","effects/B11.png","frames/ink_base.png","rarity/uncommon.png","true","true"
"B12","수호 서약","uncommon","2","1","block","art/B12.png","effects/B12.png","frames/ink_base.png","rarity/uncommon.png","true","true"
"B13","위압","uncommon","2","1","skill","art/B13.png","effects/B13.png","frames/ink_base.png","rarity/uncommon.png","true","true"
"B14","버티기","uncommon","2","1","block","art/B14.png","effects/B14.png","frames/ink_base.png","rarity/uncommon.png","true","true"
"B15","대지 강타","uncommon","2","2","attack","art/B15.png","effects/B15.png","frames/ink_base.png","rarity/uncommon.png","true","true"
"B16","재정비","uncommon","2","0","skill","art/B16.png","effects/B16.png","frames/ink_base.png","rarity/uncommon.png","true","true"
"B17","불굴","rare","3","1","power","art/B17.png","effects/B17.png","frames/ink_base.png","rarity/rare.png","true","true"
"B18","강철 가시","rare","3","1","power","art/B18.png","effects/B18.png","frames/ink_base.png","rarity/rare.png","true","true"
"B19","파성추","rare","3","2","attack","art/B19.png","effects/B19.png","frames/ink_base.png","rarity/rare.png","true","true"
"B20","성벽","rare","3","3","block","art/B20.png","effects/B20.png","frames/ink_base.png","rarity/rare.png","true","true"
"B21","최후의 보루","rare","3","1","block","art/B21.png","effects/B21.png","frames/ink_base.png","rarity/rare.png","true","true"
"B22","난공불락","epic","4","2","power","art/B22.png","effects/B22.png","frames/ink_base.png","rarity/epic.png","true","true"
"B23","수호자의 맹세","epic","4","1","power","art/B23.png","effects/B23.png","frames/ink_base.png","rarity/epic.png","true","true"
"B24","대지의 분노","epic","4","3","attack","art/B24.png","effects/B24.png","frames/ink_base.png","rarity/epic.png","true","true"
"B25","불멸의 수호자","legendary","5","3","power","art/B25.png","effects/B25.png","frames/ink_base.png","rarity/legendary.png","true","true"
"B26","철옹성","epic","4","2","block","art/B26.png","effects/B26.png","frames/ink_base.png","rarity/epic.png","true","true"
"B27","복수의 일격","epic","4","2","attack","art/B27.png","effects/B27.png","frames/ink_base.png","rarity/epic.png","true","true"
"B28","결의","epic","4","1","power","art/B28.png","effects/B28.png","frames/ink_base.png","rarity/epic.png","true","true"
"B29","천년 방벽","legendary","5","3","block","art/B29.png","effects/B29.png","frames/ink_base.png","rarity/legendary.png","true","true"
"B30","방패 나누기","common","1","1","block","art/B30.png","effects/B30.png","frames/ink_base.png","rarity/common.png","true","true"
"B31","방패 던지기","uncommon","2","1","attack","art/B31.png","effects/B31.png","frames/ink_base.png","rarity/uncommon.png","true","true"
"B32","반격의 맹세","rare","3","1","skill","art/B32.png","effects/B32.png","frames/ink_base.png","rarity/rare.png","true","true"
"B33","금강호신벽","rare","3","1","block","art/B33.png","effects/B33.png","frames/split_base.png","rarity/rare.png","true","true"
"L01","화염구","common","1","1","attack","art/L01.png","effects/L01.png","frames/split_base.png","rarity/common.png","true","true"
"L02","얼음 화살","common","1","1","attack","art/L02.png","effects/L02.png","frames/split_base.png","rarity/common.png","true","true"
"L03","마력 방벽","common","1","1","block","art/L03.png","effects/L03.png","frames/split_base.png","rarity/common.png","true","true"
"L04","불꽃 파동","common","1","2","attack","art/L04.png","effects/L04.png","frames/split_base.png","rarity/common.png","true","true"
"L05","마력 화살","common","1","0","attack","art/L05.png","effects/L05.png","frames/split_base.png","rarity/common.png","true","true"
"L06","서리 고리","common","1","1","attack","art/L06.png","effects/L06.png","frames/split_base.png","rarity/common.png","true","true"
"L07","명상","common","1","1","skill","art/L07.png","effects/L07.png","frames/split_base.png","rarity/common.png","true","true"
"L08","전격","common","1","1","attack","art/L08.png","effects/L08.png","frames/split_base.png","rarity/common.png","true","true"
"L09","점화","common","1","1","skill","art/L09.png","effects/L09.png","frames/split_base.png","rarity/common.png","true","true"
"L10","연쇄 번개","uncommon","2","2","attack","art/L10.png","effects/L10.png","frames/split_base.png","rarity/uncommon.png","true","true"
"L11","빙결 창","uncommon","2","2","attack","art/L11.png","effects/L11.png","frames/split_base.png","rarity/uncommon.png","true","true"
"L12","마력 충전","uncommon","2","0","skill","art/L12.png","effects/L12.png","frames/split_base.png","rarity/uncommon.png","true","true"
"L13","화염 기둥","uncommon","2","2","attack","art/L13.png","effects/L13.png","frames/split_base.png","rarity/uncommon.png","true","true"
"L14","얼음 갑옷","uncommon","2","1","block","art/L14.png","effects/L14.png","frames/split_base.png","rarity/uncommon.png","true","true"
"L15","불씨 확산","uncommon","2","1","skill","art/L15.png","effects/L15.png","frames/split_base.png","rarity/uncommon.png","true","true"
"L16","비전 통찰","uncommon","2","1","skill","art/L16.png","effects/L16.png","frames/split_base.png","rarity/uncommon.png","true","true"
"L17","눈보라","rare","3","2","attack","art/L17.png","effects/L17.png","frames/split_base.png","rarity/rare.png","true","true"
"L18","폭발","rare","3","2","attack","art/L18.png","effects/L18.png","frames/split_base.png","rarity/rare.png","true","true"
"L19","원소 친화","rare","3","1","power","art/L19.png","effects/L19.png","frames/split_base.png","rarity/rare.png","true","true"
"L20","절대 영도","rare","3","2","skill","art/L20.png","effects/L20.png","frames/split_base.png","rarity/rare.png","true","true"
"L21","마력 폭주","rare","3","1","power","art/L21.png","effects/L21.png","frames/split_base.png","rarity/rare.png","true","true"
"L22","유성우","epic","4","3","attack","art/L22.png","effects/L22.png","frames/split_base.png","rarity/epic.png","true","true"
"L23","빙하기","epic","4","3","attack","art/L23.png","effects/L23.png","frames/split_base.png","rarity/epic.png","true","true"
"L24","마나의 샘","epic","4","2","power","art/L24.png","effects/L24.png","frames/split_base.png","rarity/epic.png","true","true"
"L25","원소 대폭발","legendary","5","X","attack","art/L25.png","effects/L25.png","frames/split_base.png","rarity/legendary.png","true","true"
"L26","원소 공명","epic","4","2","attack","art/L26.png","effects/L26.png","frames/split_base.png","rarity/epic.png","true","true"
"L27","마력 과부하","epic","4","1","skill","art/L27.png","effects/L27.png","frames/split_base.png","rarity/epic.png","true","true"
"L28","증기 순환","epic","4","1","power","art/L28.png","effects/L28.png","frames/split_base.png","rarity/epic.png","true","true"
"L29","대마법: 혼돈","legendary","5","3","attack","art/L29.png","effects/L29.png","frames/split_base.png","rarity/legendary.png","true","true"
"L30","열 교환","common","1","1","attack","art/L30.png","effects/L30.png","frames/split_base.png","rarity/common.png","true","true"
"L31","원소 순환","uncommon","2","1","attack","art/L31.png","effects/L31.png","frames/split_base.png","rarity/uncommon.png","true","true"
"L32","마법 서적","rare","3","1","skill","art/L32.png","effects/L32.png","frames/split_base.png","rarity/rare.png","true","true"
"L33","풍마보","uncommon","2","1","block","art/L33.png","effects/L33.png","frames/split_base.png","rarity/uncommon.png","true","true"
"S01","치유의 빛","common","1","1","heal","art/S01.png","effects/S01.png","frames/split_base.png","rarity/common.png","true","true"
"S02","신성한 일격","common","1","1","attack","art/S02.png","effects/S02.png","frames/split_base.png","rarity/common.png","true","true"
"S03","축복의 방패","common","1","1","block","art/S03.png","effects/S03.png","frames/split_base.png","rarity/common.png","true","true"
"S04","정화","common","1","0","skill","art/S04.png","effects/S04.png","frames/split_base.png","rarity/common.png","true","true"
"S05","기도","common","1","1","heal","art/S05.png","effects/S05.png","frames/split_base.png","rarity/common.png","true","true"
"S06","빛의 화살","common","1","1","attack","art/S06.png","effects/S06.png","frames/split_base.png","rarity/common.png","true","true"
"S07","재생의 손길","common","1","1","heal","art/S07.png","effects/S07.png","frames/split_base.png","rarity/common.png","true","true"
"S08","성역","common","1","2","block","art/S08.png","effects/S08.png","frames/split_base.png","rarity/common.png","true","true"
"S09","응급 처치","common","1","0","heal","art/S09.png","effects/S09.png","frames/split_base.png","rarity/common.png","true","true"
"S10","큰 치유","uncommon","2","2","heal","art/S10.png","effects/S10.png","frames/split_base.png","rarity/uncommon.png","true","true"
"S11","심판","uncommon","2","2","attack","art/S11.png","effects/S11.png","frames/split_base.png","rarity/uncommon.png","true","true"
"S12","생명의 샘","uncommon","2","1","heal","art/S12.png","effects/S12.png","frames/split_base.png","rarity/uncommon.png","true","true"
"S13","대정화","uncommon","2","1","skill","art/S13.png","effects/S13.png","frames/split_base.png","rarity/uncommon.png","true","true"
"S14","신의 가호","uncommon","2","1","block","art/S14.png","effects/S14.png","frames/split_base.png","rarity/uncommon.png","true","true"
"S15","빛의 폭발","uncommon","2","2","attack","art/S15.png","effects/S15.png","frames/split_base.png","rarity/uncommon.png","true","true"
"S16","헌신","uncommon","2","0","skill","art/S16.png","effects/S16.png","frames/split_base.png","rarity/uncommon.png","true","true"
"S17","부활","rare","3","2","heal","art/S17.png","effects/S17.png","frames/split_base.png","rarity/rare.png","true","true"
"S18","신성한 불꽃","rare","3","1","attack","art/S18.png","effects/S18.png","frames/split_base.png","rarity/rare.png","true","true"
"S19","치유의 오라","rare","3","1","power","art/S19.png","effects/S19.png","frames/split_base.png","rarity/rare.png","true","true"
"S20","천상의 방벽","rare","3","2","block","art/S20.png","effects/S20.png","frames/split_base.png","rarity/rare.png","true","true"
"S21","생명 전이","rare","3","1","heal","art/S21.png","effects/S21.png","frames/split_base.png","rarity/rare.png","true","true"
"S22","대치유","epic","4","3","heal","art/S22.png","effects/S22.png","frames/split_base.png","rarity/epic.png","true","true"
"S23","천벌","epic","4","3","attack","art/S23.png","effects/S23.png","frames/split_base.png","rarity/epic.png","true","true"
"S24","수호천사","epic","4","2","power","art/S24.png","effects/S24.png","frames/split_base.png","rarity/epic.png","true","true"
"S25","기적","legendary","5","3","heal","art/S25.png","effects/S25.png","frames/split_base.png","rarity/legendary.png","true","true"
"S26","구원","epic","4","2","heal","art/S26.png","effects/S26.png","frames/split_base.png","rarity/epic.png","true","true"
"S27","신성 폭발","epic","4","2","attack","art/S27.png","effects/S27.png","frames/split_base.png","rarity/epic.png","true","true"
"S28","축복의 일격","epic","4","1","power","art/S28.png","effects/S28.png","frames/split_base.png","rarity/epic.png","true","true"
"S29","여신의 강림","legendary","5","3","power","art/S29.png","effects/S29.png","frames/split_base.png","rarity/legendary.png","true","true"
"S30","축성","common","1","1","heal","art/S30.png","effects/S30.png","frames/split_base.png","rarity/common.png","true","true"
"S31","축복의 손길","uncommon","2","1","skill","art/S31.png","effects/S31.png","frames/split_base.png","rarity/uncommon.png","true","true"
"S32","기적의 주사위","rare","3","1","skill","art/S32.png","effects/S32.png","frames/split_base.png","rarity/rare.png","true","true"
"S33","운기요상","rare","3","1","heal","art/S33.png","effects/S33.png","frames/split_base.png","rarity/rare.png","true","true"
"N01","독비도","common","1","1","attack","art/N01.png","effects/N01.png","frames/ink_base.png","rarity/common.png","true","true"
"N02","암영보","common","1","1","block","art/N02.png","effects/N02.png","frames/ink_base.png","rarity/common.png","true","true"
"N03","약점 지목","common","1","1","skill","art/N03.png","effects/N03.png","frames/ink_base.png","rarity/common.png","true","true"
"N04","쾌수","common","1","0","skill","art/N04.png","effects/N04.png","frames/ink_base.png","rarity/common.png","true","true"
"N05","쌍비도","common","1","1","attack","art/N05.png","effects/N05.png","frames/ink_base.png","rarity/common.png","true","true"
"N06","미혼분","common","1","1","skill","art/N06.png","effects/N06.png","frames/ink_base.png","rarity/common.png","true","true"
"N07","만독무","common","1","2","skill","art/N07.png","effects/N07.png","frames/ink_base.png","rarity/common.png","true","true"
"N08","암기 장전","common","1","1","skill","art/N08.png","effects/N08.png","frames/ink_base.png","rarity/common.png","true","true"
"N09","음영비수","common","1","1","attack","art/N09.png","effects/N09.png","frames/ink_base.png","rarity/common.png","true","true"
"N10","칠보단혼산","uncommon","2","1","skill","art/N10.png","effects/N10.png","frames/ink_base.png","rarity/uncommon.png","true","true"
"N11","미혼진","uncommon","2","1","skill","art/N11.png","effects/N11.png","frames/ink_base.png","rarity/uncommon.png","true","true"
"N12","기문둔갑","uncommon","2","1","skill","art/N12.png","effects/N12.png","frames/ink_base.png","rarity/uncommon.png","true","true"
"N13","암습","uncommon","2","0","attack","art/N13.png","effects/N13.png","frames/ink_base.png","rarity/uncommon.png","true","true"
"N14","격장술","uncommon","2","1","skill","art/N14.png","effects/N14.png","frames/ink_base.png","rarity/uncommon.png","true","true"
"N15","부골산","uncommon","2","1","attack","art/N15.png","effects/N15.png","frames/ink_base.png","rarity/uncommon.png","true","true"
"N16","연막진","uncommon","2","1","block","art/N16.png","effects/N16.png","frames/ink_base.png","rarity/uncommon.png","true","true"
"N17","촉독술","rare","3","1","skill","art/N17.png","effects/N17.png","frames/ink_base.png","rarity/rare.png","true","true"
"N18","독경 심법","rare","3","1","power","art/N18.png","effects/N18.png","frames/ink_base.png","rarity/rare.png","true","true"
"N19","독살","rare","3","2","attack","art/N19.png","effects/N19.png","frames/ink_base.png","rarity/rare.png","true","true"
"N20","대환단","rare","3","1","skill","art/N20.png","effects/N20.png","frames/ink_base.png","rarity/rare.png","true","true"
"N21","산공독","rare","3","2","skill","art/N21.png","effects/N21.png","frames/ink_base.png","rarity/rare.png","true","true"
"N22","만독진","epic","4","2","power","art/N22.png","effects/N22.png","frames/ink_base.png","rarity/epic.png","true","true"
"N23","총공세","epic","4","2","skill","art/N23.png","effects/N23.png","frames/ink_base.png","rarity/epic.png","true","true"
"N24","분영술","epic","4","2","skill","art/N24.png","effects/N24.png","frames/ink_base.png","rarity/epic.png","true","true"
"N25","천기누설","legendary","5","2","power","art/N25.png","effects/N25.png","frames/ink_base.png","rarity/legendary.png","true","true"
"N26","혈도 난자","epic","4","1","attack","art/N26.png","effects/N26.png","frames/ink_base.png","rarity/epic.png","true","true"
"N27","절명독수","epic","4","2","attack","art/N27.png","effects/N27.png","frames/ink_base.png","rarity/epic.png","true","true"
"N28","천리안법","epic","4","1","power","art/N28.png","effects/N28.png","frames/ink_base.png","rarity/epic.png","true","true"
"N29","비장의 암기","legendary","5","1","skill","art/N29.png","effects/N29.png","frames/ink_base.png","rarity/legendary.png","true","true"
"N30","기폭","common","1","0","skill","art/N30.png","effects/N30.png","frames/ink_base.png","rarity/common.png","true","true"
"N31","독단지","uncommon","2","1","skill","art/N31.png","effects/N31.png","frames/ink_base.png","rarity/uncommon.png","true","true"
"N32","모방술","rare","3","1","skill","art/N32.png","effects/N32.png","frames/ink_base.png","rarity/rare.png","true","true"
"N33","독염침","uncommon","2","1","attack","art/N33.png","effects/N33.png","frames/ink_base.png","rarity/uncommon.png","true","true"
"N34","만독마진","rare","3","2","skill","art/N34.png","effects/N34.png","frames/ink_base.png","rarity/rare.png","true","true"
"C01","권각","common","1","1","attack","art/C01.png","effects/C01.png","frames/ink_base.png","rarity/common.png","true","true"
"C02","호위","common","1","1","block","art/C02.png","effects/C02.png","frames/ink_base.png","rarity/common.png","true","true"
"C03","지혈","common","1","1","heal","art/C03.png","effects/C03.png","frames/ink_base.png","rarity/common.png","true","true"
"C04","탄지공","common","1","0","attack","art/C04.png","effects/C04.png","frames/ink_base.png","rarity/common.png","true","true"
"C05","전열 정비","common","1","1","skill","art/C05.png","effects/C05.png","frames/split_base.png","rarity/common.png","true","true"
"C06","휩쓸기","common","1","1","attack","art/C06.png","effects/C06.png","frames/ink_base.png","rarity/common.png","true","true"
"C07","마나 방벽","common","1","0","block","art/C07.png","effects/C07.png","frames/split_base.png","rarity/common.png","true","true"
"C08","화염 부적","common","1","1","attack","art/C08.png","effects/C08.png","frames/split_base.png","rarity/common.png","true","true"
"C09","독침","common","1","1","attack","art/C09.png","effects/C09.png","frames/ink_base.png","rarity/common.png","true","true"
"C10","사자후","common","1","1","skill","art/C10.png","effects/C10.png","frames/ink_base.png","rarity/common.png","true","true"
"C11","수호 마법진","common","1","2","block","art/C11.png","effects/C11.png","frames/split_base.png","rarity/common.png","true","true"
"C12","그물 던지기","common","1","1","attack","art/C12.png","effects/C12.png","frames/split_base.png","rarity/common.png","true","true"
"C13","급습","common","1","2","attack","art/C13.png","effects/C13.png","frames/ink_base.png","rarity/common.png","false","false"
"C14","운기조식","common","1","1","skill","art/C14.png","effects/C14.png","frames/ink_base.png","rarity/common.png","false","false"
"C15","해독초","common","1","1","heal","art/C15.png","effects/C15.png","frames/split_base.png","rarity/common.png","true","true"
"C16","벽력탄","uncommon","2","2","attack","art/C16.png","effects/C16.png","frames/ink_base.png","rarity/uncommon.png","true","true"
"C17","회복 물약","uncommon","2","1","heal","art/C17.png","effects/C17.png","frames/split_base.png","rarity/uncommon.png","true","true"
"C18","마나 물약","uncommon","2","0","skill","art/C18.png","effects/C18.png","frames/split_base.png","rarity/uncommon.png","true","true"
"C19","연막탄","uncommon","2","1","skill","art/C19.png","effects/C19.png","frames/ink_base.png","rarity/uncommon.png","true","true"
"C20","합격진","uncommon","2","1","attack","art/C20.png","effects/C20.png","frames/ink_base.png","rarity/uncommon.png","true","true"
"C21","전리품 사냥","rare","3","1","attack","art/C21.png","effects/C21.png","frames/split_base.png","rarity/rare.png","false","true"
"C22","결의","rare","3","1","power","art/C22.png","effects/C22.png","frames/ink_base.png","rarity/rare.png","true","false"
"C23","전술 재편","rare","3","0","skill","art/C23.png","effects/C23.png","frames/split_base.png","rarity/rare.png","false","false"
"C24","영웅의 깃발","legendary","5","2","power","art/C24.png","effects/C24.png","frames/split_base.png","rarity/legendary.png","false","false"
"C25","시간의 모래시계","legendary","5","3","skill","art/C25.png","effects/C25.png","frames/split_base.png","rarity/legendary.png","false","false"
"C26","판도라의 상자","legendary","5","2","skill","art/C26.png","effects/C26.png","frames/split_base.png","rarity/legendary.png","false","false"
"C27","신병이기","legendary","5","2","skill","art/C27.png","effects/C27.png","frames/split_base.png","rarity/legendary.png","false","false"
"C28","주사위 굴리기","common","1","1","attack","art/C28.png","effects/C28.png","frames/split_base.png","rarity/common.png","false","true"
"C29","동전 던지기","common","1","0","skill","art/C29.png","effects/C29.png","frames/split_base.png","rarity/common.png","true","true"
"C30","활력 물약","uncommon","2","1","skill","art/C30.png","effects/C30.png","frames/split_base.png","rarity/uncommon.png","false","false"
"C31","보물 상자","uncommon","2","1","skill","art/C31.png","effects/C31.png","frames/split_base.png","rarity/uncommon.png","false","false"
"C32","혼돈의 소용돌이","rare","3","1","skill","art/C32.png","effects/C32.png","frames/split_base.png","rarity/rare.png","false","false"
"C33","세계의 틈","epic","4","1","skill","art/C33.png","effects/C33.png","frames/split_base.png","rarity/epic.png","false","false"
"K35","발도술","uncommon","2","1","attack","art/K35.png","effects/K35.png","frames/ink_base.png","rarity/uncommon.png","false","false"
"K36","난영검무","rare","3","1","power","art/K36.png","effects/K36.png","frames/ink_base.png","rarity/rare.png","false","false"
"K37","검기 해방","epic","4","2","attack","art/K37.png","effects/K37.png","frames/ink_base.png","rarity/epic.png","false","false"
"B34","굳은 맹세","common","1","1","block","art/B34.png","effects/B34.png","frames/ink_base.png","rarity/common.png","false","false"
"B35","불굴의 진형","rare","3","2","power","art/B35.png","effects/B35.png","frames/ink_base.png","rarity/rare.png","false","false"
"B36","방패 투척","epic","4","1","attack","art/B36.png","effects/B36.png","frames/ink_base.png","rarity/epic.png","false","false"
"L34","원소 폭주","rare","3","2","attack","art/L34.png","effects/L34.png","frames/split_base.png","rarity/rare.png","false","false"
"L35","마력 순환","uncommon","2","0","skill","art/L35.png","effects/L35.png","frames/split_base.png","rarity/uncommon.png","false","false"
"L36","빙결 파쇄","epic","4","2","attack","art/L36.png","effects/L36.png","frames/split_base.png","rarity/epic.png","false","false"
"S34","은총의 순환","rare","3","1","power","art/S34.png","effects/S34.png","frames/split_base.png","rarity/rare.png","false","false"
"S35","성스러운 인내","uncommon","2","1","block","art/S35.png","effects/S35.png","frames/split_base.png","rarity/uncommon.png","false","false"
"S36","천벌","epic","4","2","attack","art/S36.png","effects/S36.png","frames/split_base.png","rarity/epic.png","false","false"
"N35","그림자 비수","common","1","1","attack","art/N35.png","effects/N35.png","frames/ink_base.png","rarity/common.png","false","false"
"N36","암기 비장","uncommon","2","0","skill","art/N36.png","effects/N36.png","frames/ink_base.png","rarity/uncommon.png","false","false"
"N37","독기 폭발","rare","3","1","attack","art/N37.png","effects/N37.png","frames/ink_base.png","rarity/rare.png","false","false"
"C34","숨 고르기","common","1","1","skill","art/C34.png","effects/C34.png","frames/split_base.png","rarity/common.png","false","false"
"C35","결단","uncommon","2","0","skill","art/C35.png","effects/C35.png","frames/ink_base.png","rarity/uncommon.png","false","false"
"C36","분노의 칼날","rare","3","1","power","art/C36.png","effects/C36.png","frames/ink_base.png","rarity/rare.png","false","false"
"K38","검세 해방","rare","3","1","attack","art/K38.png","effects/K38.png","frames/ink_base.png","rarity/rare.png","false","false"
"B37","반격 준비","uncommon","2","1","block","art/B37.png","effects/B37.png","frames/ink_base.png","rarity/uncommon.png","false","false"
"L37","공명 증폭","uncommon","2","0","skill","art/L37.png","effects/L37.png","frames/split_base.png","rarity/uncommon.png","false","false"
"S37","신앙 고백","rare","3","1","heal","art/S37.png","effects/S37.png","frames/split_base.png","rarity/rare.png","false","false"
"N38","표식 폭발","rare","3","1","attack","art/N38.png","effects/N38.png","frames/ink_base.png","rarity/rare.png","false","false"
"K39","유수검","common","1","1","attack","art/K39.png","effects/K39.png","frames/ink_base.png","rarity/common.png","false","false"
"K40","검세 응축","uncommon","2","1","skill","art/K40.png","effects/K40.png","frames/ink_base.png","rarity/uncommon.png","false","false"
"K41","일섬 연파","rare","3","2","attack","art/K41.png","effects/K41.png","frames/ink_base.png","rarity/rare.png","false","false"
"K42","파천일격","epic","4","3","attack","art/K42.png","effects/K42.png","frames/ink_base.png","rarity/epic.png","false","false"
"B38","방패 정렬","common","1","1","block","art/B38.png","effects/B38.png","frames/ink_base.png","rarity/common.png","false","false"
"B39","역습","uncommon","2","1","attack","art/B39.png","effects/B39.png","frames/ink_base.png","rarity/uncommon.png","false","false"
"B40","수호 결계","rare","3","2","block","art/B40.png","effects/B40.png","frames/ink_base.png","rarity/rare.png","false","false"
"B41","불멸의 맹세","epic","4","2","power","art/B41.png","effects/B41.png","frames/ink_base.png","rarity/epic.png","false","false"
"L38","불씨","common","1","0","attack","art/L38.png","effects/L38.png","frames/split_base.png","rarity/common.png","false","false"
"L39","얼음 파편","uncommon","2","1","attack","art/L39.png","effects/L39.png","frames/split_base.png","rarity/uncommon.png","false","false"
"L40","마나 폭주","rare","3","1","skill","art/L40.png","effects/L40.png","frames/split_base.png","rarity/rare.png","false","false"
"L41","삼원소 붕괴","epic","4","3","attack","art/L41.png","effects/L41.png","frames/split_base.png","rarity/epic.png","false","false"
"S38","작은 축복","common","1","1","heal","art/S38.png","effects/S38.png","frames/split_base.png","rarity/common.png","false","false"
"S39","정화의 빛","uncommon","2","1","heal","art/S39.png","effects/S39.png","frames/split_base.png","rarity/uncommon.png","false","false"
"S40","심판의 빛","rare","3","2","attack","art/S40.png","effects/S40.png","frames/split_base.png","rarity/rare.png","false","false"
"S41","천사의 날개","epic","4","2","power","art/S41.png","effects/S41.png","frames/split_base.png","rarity/epic.png","false","false"
"N39","독침 투척","common","1","1","attack","art/N39.png","effects/N39.png","frames/ink_base.png","rarity/common.png","false","false"
"N40","연막","uncommon","2","1","block","art/N40.png","effects/N40.png","frames/ink_base.png","rarity/uncommon.png","false","false"
"N41","독무","rare","3","2","skill","art/N41.png","effects/N41.png","frames/ink_base.png","rarity/rare.png","false","false"
"N42","천독만화","epic","4","2","attack","art/N42.png","effects/N42.png","frames/ink_base.png","rarity/epic.png","false","false"
"C37","정비","common","1","1","block","art/C37.png","effects/C37.png","frames/split_base.png","rarity/common.png","false","false"
"C38","기습","uncommon","2","0","attack","art/C38.png","effects/C38.png","frames/ink_base.png","rarity/uncommon.png","false","false"
"C39","전열 재정비","rare","3","1","skill","art/C39.png","effects/C39.png","frames/split_base.png","rarity/rare.png","false","false"
"C40","합공","epic","4","2","attack","art/C40.png","effects/C40.png","frames/ink_base.png","rarity/epic.png","false","false"
"A01","정령 화살","common","1","1","attack","art/A01.png","effects/A01.png","frames/split_base.png","rarity/common.png","false","false"
"A02","바람 장막","common","1","1","skill","art/A02.png","effects/A02.png","frames/split_base.png","rarity/common.png","false","false"
"A03","겨누기","common","1","1","skill","art/A03.png","effects/A03.png","frames/split_base.png","rarity/common.png","false","false"
"A04","연사","common","1","1","attack","art/A04.png","effects/A04.png","frames/split_base.png","rarity/common.png","false","false"
"A05","숲의 숨결","common","1","0","skill","art/A05.png","effects/A05.png","frames/split_base.png","rarity/common.png","false","false"
"A06","꿰뚫는 화살","common","1","2","attack","art/A06.png","effects/A06.png","frames/split_base.png","rarity/common.png","false","false"
"A07","견제 사격","common","1","1","attack","art/A07.png","effects/A07.png","frames/split_base.png","rarity/common.png","false","false"
"A08","사냥꾼의 발걸음","common","1","1","block","art/A08.png","effects/A08.png","frames/split_base.png","rarity/common.png","false","false"
"A09","서리 화살","common","1","1","attack","art/A09.png","effects/A09.png","frames/split_base.png","rarity/common.png","false","false"
"A10","정령 부르기","uncommon","2","1","skill","art/A10.png","effects/A10.png","frames/split_base.png","rarity/uncommon.png","false","false"
"A11","화살비","uncommon","2","2","attack","art/A11.png","effects/A11.png","frames/split_base.png","rarity/uncommon.png","false","false"
"A12","숨죽이기","uncommon","2","1","skill","art/A12.png","effects/A12.png","frames/split_base.png","rarity/uncommon.png","false","false"
"A13","약점 간파","uncommon","2","0","skill","art/A13.png","effects/A13.png","frames/split_base.png","rarity/uncommon.png","false","false"
"A14","바람 화살","uncommon","2","1","attack","art/A14.png","effects/A14.png","frames/split_base.png","rarity/uncommon.png","false","false"
"A15","나무 위 은신처","uncommon","2","1","block","art/A15.png","effects/A15.png","frames/split_base.png","rarity/uncommon.png","false","false"
"A16","삼연시","uncommon","2","1","attack","art/A16.png","effects/A16.png","frames/split_base.png","rarity/uncommon.png","false","false"
"A17","순풍","uncommon","2","1","skill","art/A17.png","effects/A17.png","frames/split_base.png","rarity/uncommon.png","false","false"
"A18","정조준","rare","3","2","attack","art/A18.png","effects/A18.png","frames/split_base.png","rarity/rare.png","false","false"
"A19","바람 읽기","rare","3","1","power","art/A19.png","effects/A19.png","frames/split_base.png","rarity/rare.png","false","false"
"A20","사냥꾼의 일격","rare","3","1","attack","art/A20.png","effects/A20.png","frames/split_base.png","rarity/rare.png","false","false"
"A21","서리 화살비","rare","3","2","attack","art/A21.png","effects/A21.png","frames/split_base.png","rarity/rare.png","false","false"
"A22","바람 걸음","rare","3","1","skill","art/A22.png","effects/A22.png","frames/split_base.png","rarity/rare.png","false","false"
"A23","표적 지정","rare","3","1","skill","art/A23.png","effects/A23.png","frames/split_base.png","rarity/rare.png","false","false"
"A24","천공의 화살","epic","4","3","attack","art/A24.png","effects/A24.png","frames/split_base.png","rarity/epic.png","false","false"
"A25","정령 폭풍","epic","4","2","attack","art/A25.png","effects/A25.png","frames/split_base.png","rarity/epic.png","false","false"
"A26","바람의 궁술","epic","4","1","power","art/A26.png","effects/A26.png","frames/split_base.png","rarity/epic.png","false","false"
"A27","화살 폭풍","epic","4","2","attack","art/A27.png","effects/A27.png","frames/split_base.png","rarity/epic.png","false","false"
"A28","바람의 장벽","epic","4","2","block","art/A28.png","effects/A28.png","frames/split_base.png","rarity/epic.png","false","false"
"A29","정령왕의 화살","legendary","5","3","attack","art/A29.png","effects/A29.png","frames/split_base.png","rarity/legendary.png","false","false"
"A30","정령왕의 계약","legendary","5","2","power","art/A30.png","effects/A30.png","frames/split_base.png","rarity/legendary.png","false","false"
"SAND","모래","common","1","","curse","art/SAND.png","effects/SAND.png","frames/split_base.png","rarity/common.png","false","false"
"CUR_POISON","독기","common","1","","curse","art/CUR_POISON.png","effects/CUR_POISON.png","frames/split_base.png","rarity/common.png","false","false"
"CUR_BLOOD","혈흔","common","1","","curse","art/CUR_BLOOD.png","effects/CUR_BLOOD.png","frames/split_base.png","rarity/common.png","false","false"
"CUR_BIND","속박","common","1","1","curse","art/CUR_BIND.png","effects/CUR_BIND.png","frames/split_base.png","rarity/common.png","false","false"
"D01","철벽 돌격","epic","4","2","attack","art/D01.png","effects/D01.png","frames/split_base.png","rarity/epic.png","false","false"
"D02","화염검기","epic","4","2","attack","art/D02.png","effects/D02.png","frames/split_base.png","rarity/epic.png","false","false"
"D03","성광검기","epic","4","2","attack","art/D03.png","effects/D03.png","frames/split_base.png","rarity/epic.png","false","false"
"D04","만천화우","epic","4","2","attack","art/D04.png","effects/D04.png","frames/split_base.png","rarity/epic.png","false","false"
"D05","얼음 성벽","epic","4","2","block","art/D05.png","effects/D05.png","frames/split_base.png","rarity/epic.png","false","false"
"D06","성역의 맹세","epic","4","2","block","art/D06.png","effects/D06.png","frames/split_base.png","rarity/epic.png","false","false"
"D07","철벽 암기진","epic","4","1","skill","art/D07.png","effects/D07.png","frames/split_base.png","rarity/epic.png","false","false"
"D08","정화의 불꽃","epic","4","2","attack","art/D08.png","effects/D08.png","frames/split_base.png","rarity/epic.png","false","false"
"D09","맹독 폭발","epic","4","2","skill","art/D09.png","effects/D09.png","frames/split_base.png","rarity/epic.png","false","false"
"D10","해독의 기도","epic","4","1","skill","art/D10.png","effects/D10.png","frames/split_base.png","rarity/epic.png","false","false"
"D11","풍검일섬","epic","4","2","attack","art/D11.png","effects/D11.png","frames/split_base.png","rarity/epic.png","false","false"
"D12","방패 위의 화살비","epic","4","2","attack","art/D12.png","effects/D12.png","frames/split_base.png","rarity/epic.png","false","false"
"D13","정령 원소탄","epic","4","2","attack","art/D13.png","effects/D13.png","frames/split_base.png","rarity/epic.png","false","false"
"D14","빛깃 화살","epic","4","1","skill","art/D14.png","effects/D14.png","frames/split_base.png","rarity/epic.png","false","false"
"D15","독우","epic","4","2","attack","art/D15.png","effects/D15.png","frames/split_base.png","rarity/epic.png","false","false"
